{"cameraMode":{"drawMode":0,"name":"Shaded","section":"Shading Mode"},"sceneLighting":false,"audioPlay":false,"sceneViewState":{"showFog":false,"showMaterialUpdate":false,"showSkybox":false,"showFlares":false,"showImageEffects":false,"showParticleSystems":false},"in2DMode":false,"pivot":{"x":0.6677806377410889,"y":2.6473045349121095,"z":16.99055290222168},"rotation":{"x":0.00427768612280488,"y":0.9342347979545593,"z":-0.3564567267894745,"w":0.01121135801076889},"size":15.043212890625,"orthographic":false}